,Sentences
0,  a four star restaurant with a bar
1,  any asian cuisine around
2,  any bbq places open before 5 nearby
3,  any dancing establishments with reasonable pricing
4,  any good cheap german restaurants nearby
5,  any good ice cream parlors around
6,  any good place to get a pie at an affordable price
7,  any good vegan spots nearby
8,  any mexican places have a tameles special today
9,  any place along the road has a good beer selection that also serves ribs
10,  any places around here that has a nice view
11,  any reasonably priced indian restaurants in the theater district
12,  any restaurants open right now
13,  any restaurants that still allow smoking
14,  any stores around where i could buy a pasta dish where the prices are not too high
15,  anything on the avenue
16,  anything open after midnight with reasonable prices
17,  are children allowed in this particular sitting area
18,  are reservations available for four people for 8 pm tonight at 112 eatery
19,  are the portion at le bec fin large or very small
20,  are there any 24 hour breakfast places nearby
21,  are there any 50s style diners in glendale
22,  are there any authentic mexican restaurants in the area
23,  are there any bars nearby that serve food like italian or french
24,  are there any brewpubs downtown
25,  are there any cafeterias near
26,  are there any charlestown restaurants open very early for lunch
27,  are there any chick fil as in the city open on sunday
28,  are there any chicken wing places nearby
29,  are there any child friendly restaurants within ten miles
30,  are there any chinese restaurants near cheyenne
31,  are there any crab restaurants near here that are open late until 2 a m
32,  are there any dining specials at le bec fin
33,  are there any donut and donuts within 5 minutes drive that has an extensive beer menu
34,  are there any eatery at the hotel downtown
35,  are there any exciting joints along the way thats reasonably priced
36,  are there any fancy cambodian places on seaver street
37,  are there any fast food joints east of here
38,  are there any fast food restaurants that are kid friendly
39,  are there any fine dining options within 5 miles of my location
40,  are there any five star restaurants around here
41,  are there any four star restaurants in this town
42,  are there any fun restaurants serving brisket in town
43,  are there any good family style restaurants around boston
44,  are there any good soul food restaurants near by
45,  are there any greek restaurants in the area
46,  are there any greek restaurants in the theater district of the back bay
47,  are there any hamburger restaurants close by
48,  are there any hotels nearby that have private rooms available at 1 am
49,  are there any ice cream shops in my neighborhood that are open right now
50,  are there any indian restaurants on long island
51,  are there any italian eateries nearby
52,  are there any japanese restaurants in town that do discounts for bulk orders of sushi
53,  are there any jazz clubs that serve food
54,  are there any kid friendly restaurants close by
55,  are there any kid friendly restaurants with valet parking
56,  are there any locally owned franchises that give money to charity
57,  are there any maid cafe in town
58,  are there any mcdonalds that i can drive too in 3 minutes
59,  are there any mid priced restaurants within 5 miles that offer curb side pickup
60,  are there any nationally known chefs with restaurants in this city
61,  are there any new restaurants nearby that i can try
62,  are there any nice taco places nearby open for breakfast
63,  are there any place close by that is open 24 hours
64,  are there any places around here that has tomato sauce based dishes
65,  are there any places left that allow smoking in a restaraunt
66,  are there any places near by that sell hamburgers and pizza
67,  are there any places near by that serve lunch all day
68,  are there any places to eat in the area that offer a two for one special
69,  are there any places with a notable beer list on white st
70,  are there any reasonably priced restaurants on east haverhill street that serve cheese
71,  are there any restaurant nearby that serve thai food
72,  are there any restaurants around with a smoking area
73,  are there any restaurants for diabetics that serve sugar free desserts
74,  are there any restaurants nearby that have great reviews and plenty of parking
75,  are there any restaurants nearby that have outdoor dining
76,  are there any restaurants on kilmarnock street that feature large portions and a brewpub
77,  are there any restaurants on the way that serve hamburgers and are open after 1 am
78,  are there any restaurants on the way to my destination that have a fireplace inside
79,  are there any restaurants on this side of the river
80,  are there any restaurants open after 2 am
81,  are there any restaurants that are open 24 hours
82,  are there any restaurants that serve raw and organic food nearby
83,  are there any restaurants that will let me take my dog in with me
84,  are there any restaurants with happy hour in the area
85,  are there any restaurants with valet parking and a multilingual staff near here
86,  are there any restaurants within 5 miles that accept travelers checks
87,  are there any rib joints nearby
88,  are there any seafood restaurants near government center where i can make online reservations
89,  are there any spanish restaurants that are cheap
90,  are there any steak houses within 3 miles of me
91,  are there any sub sandwich shops that also serve beer
92,  are there any sushi restaurants near colonel bell drive
93,  are there any tapas restaurants with good reviews nearby
94,  are there any turkish restaurants in florida
95,  are there any vegan spots that are open after 11 at night
96,  are there any vegetarian restaurants in this town
97,  are there any vegetarian restaurants that allow you to order online ahead of time
98,  are there any vietnamese restaurants nearby
99,  are there are any cracker barrells on long island
100,  are there reservations still available for bar la grassa for 2 tomorrow at 7 pm
101,  areas that allow smoking
102,  asian cuisine in my zip code
103,  at which french restaurant can i dine outdoors
104,  beer and hot wings in town
105,  best chinese food in the area
106,  borscht
107,  bradford lantern cafe directions
108,  brasil cuisine near me
109,  burgers
110,  cafes on ashlannd street
111,  call cheeseboard in berkeley for me
112,  call chinese
113,  call dominos
114,  call the closest korean restaurant
115,  can i bring my kid to any of the restaurants down town that have bars attached
116,  can i bring my pet iguana to the japanese restaurant
117,  can i dine at the barat a nossa casa
118,  can i find a bar and grill within short walking distance of the shopping district
119,  can i find a good chinese buffet within 3 miles from me
120,  can i find any restaurants close by with a meal under 8
121,  can i find good portugues
122,  can i get a chefands table on north bedford street very late at night
123,  can i get a list of close fast food places
124,  can i get gluten free pizza within 10 miles of here
125,  can i get hambers at lone star
126,  can i get raw vegan food in honolulu
127,  can i get sushi on a prix fixe menu with reasonable prices
128,  can i have the phone number for kfc in los angeles ca
129,  can i see hamburger restaurants nearby
130,  can i valet park at the blue coyote grill
131,  can i wear shorts
132,  can you find a bar that serves tapas and takes reservations for happy hour
133,  can you find a burger joint with a smoking section
134,  can you find a cheap vietnamese restaurant
135,  can you find a fast food restaurant
136,  can you find a highly rated long john silvers open this late
137,  can you find a middle eastern place with great prices
138,  can you find a pizza place with a buffet within 15 miles
139,  can you find a pub downtown
140,  can you find a restaurant that serves bean soup in the morning and isnt too expensive
141,  can you find a restaurant that serves duck that not cheap near here
142,  can you find a restaurant under 20 per dish
143,  can you find a seafood restaurant
144,  can you find a site where i can see reviews on restaurant downtown
145,  can you find a steak house that serves wine
146,  can you find a thai japanese fusion restaurant in town
147,  can you find an italian restaurant nearby
148,  can you find an italian restaurant that serves brunch on sunday
149,  can you find an italian restaurant where i can wear casual atire
150,  can you find east dedham pizzeria that have a dine at bar location
151,  can you find latin american cuisine within a hotel along the way
152,  can you find me a burmese restaurant with a parking spot
153,  can you find me a fredas thats not too busy
154,  can you find me a good place to eat chowder
155,  can you find me a kid friendly seafood restaurant
156,  can you find me a kid friendly sushi restaurant
157,  can you find me a moderately priced italian restaurant
158,  can you find me a nice italian restaurant that takes reservations
159,  can you find me a not cheap lunch spot that serves pasteur
160,  can you find me a pizza place
161,  can you find me a pizzeria that delivers after midnight
162,  can you find me a place nearby thats open after 12 pm with bean dishes
163,  can you find me a place that serves french fries
164,  can you find me a restaurant that has a bar in it
165,  can you find me a restaurant that has entrees priced between 15 and 20 dollars
166,  can you find me a thai restaurant that is caual
167,  can you find me chinese restaurant with a smoking section
168,  can you find me hotel dining with comfort food
169,  can you find me some malaysian food late at night
170,  can you find me some take out ribs
171,  can you find out if the best little restaurant has dancing and a good looking atmosphere
172,  can you find starting gate restaurant thats hard to find with a huge price
173,  can you find the closest ihop
174,  can you find the nearest health food store and bar
175,  can you find the waterfront restaurant albertos deli of course thats open until 11 pm
176,  can you find us an ice cream shop near haight street
177,  can you get me a list of chinese food places in great neck ny
178,  can you get pork in chinatown
179,  can you give me the name of the restaurant on green st
180,  can you give me the phone number for the nearest mexican restaurant that is both affordable and has good quality food
181,  can you help me find a fancy restaurant with 5 star ratings
182,  can you help me find a high end restaurant where i can have lunch
183,  can you help me find a korean restaurant that is close by
184,  can you help me find a reasonably priced harvard chinese restaurant that lets you byob
185,  can you help me find a restaurant that has fast service and is open before 11 am
186,  can you help me find a tong villa that serves small portions
187,  can you help me find inexpensive dining within a five mile radius of my current location
188,  can you help me get to a restaurant where i can get lunch for under 10
189,  can you locate a 4 star or higher restaurant that serves italian food
190,  can you locate a chinese buffet for under 12 within a five minute drive
191,  can you locate a diner that has a smoking section in this area
192,  can you locate a restaurant that sell burgers after 12 00 am
193,  can you locate the business hours for a restaurant that serves brunch
194,  can you make a reservation at pf changs for tonight
195,  can you make me a reservation at the cheapest restaurant with valet parking
196,  can you make me a reservation at the most expensive restaurant within 15 miles
197,  can you make me a reservation for 4 at the nearest upscale steakhouse
198,  can you make me a reservation for todai for thursday for two people
199,  can you make reservations for two at heartland restaurant for tonight at 7 30
200,  can you order me a pizza
201,  can you please direct me to the nearest chinese restaurant
202,  can you please find the olive garden restaurant in manhattan
203,  can you search for the most expensive restaurant
204,  can you take me to a pizza place
205,  can you take me to roosevelts restaurant and sin in framingham
206,  can you tell me what italian restaurants north of heat rd in fairfax
207,  can you tell me where an affordable burmese place is
208,  can you tell me where the closest taco bell is
209,  can you tell me where the nearest sushi restaurant is
210,  can you tell me where the nearest wendys is
211,  can you tell me where to get some cheap vegetarian food
212,  car look for upscale restaurants downtown and make reservations at the best reviewed
213,  cheap place close to home
214,  chinese food sounds good help me out with a good place
215,  closest sushi bar in town
216,  cocktails and dancing
217,  could you find a restaurant which plays live music
218,  could you find me a place thats open every day
219,  could you find me some restaurants located along the way to the airport that are open late
220,  could you help me locate a place for lunch
221,  could you locate an italian restaurant around four miles away with pesto pasta
222,  could you locate the closest seafood restaurant
223,  could you make a reservation for me at a nice italian restaurant
224,  create directions to closest chinese restaurtant
225,  danny cooks home made dinners
226,  diner
227,  diner locations
228,  dining along the waterfront restaurant is located on sutton street
229,  direct me to a donut shop please
230,  direct me to the nearest indian restaurant
231,  direct me to the nearest mcdonalds
232,  do any famous people frequent the jimmys pizza too that is close by
233,  do any fast food restaurants accept out of town checks
234,  do any of the asian food restaurants use only organic meats and vegetables
235,  do any of the authentic italian restaurants sell bottles of imported extra virgin olive oil
236,  do any of the chinese restaurants in town do take out after midnight
237,  do any of the family restaurants down town serve strawberry milk
238,  do any of the italian restaurants around here offer an all you can eat buffet
239,  do any of the middle eastern restaurants close by 7 pm
240,  do any of the restaurants in this town also have a dance floor and live music
241,  do any restaurants nearby offer a few gluten free options
242,  do any restaurants serve loaves of patitza around christmas time
243,  do fast food restaurants accept checks in baltimore
244,  do i need a reservation for kings
245,  do know any place around here to take clients
246,  do they have a smoking area
247,  do they have any restaurants in the mall
248,  do you have any good food recommendations
249,  do you have any suggestions for some great tacos
250,  do you have information about any deals they may have
251,  do you have to make a reservation to go to peachtree cafe
252,  do you know any good pizza places open until midnight
253,  do you know if elmos have a dress code
254,  do you know if i can find fine dining in the theater district
255,  do you know if reggianos serve breakfast
256,  do you know if the burrito place is open this late
257,  do you know if the purple cactus burrito and wrap bar ongreentree lane have byob
258,  do you know if there are any excellent wine bar close by
259,  do you know if there are any fine dining cajun restaurant with a fireplace that is within one mile
260,  do you know if there are any irish restaurants that is not too far away
261,  do you know if there are any reasonably priced cajun restaurants that open at 11 am
262,  do you know if there are any resataurants in the mall
263,  do you know if there are any reviews on monacos
264,  do you know of a bakery that is still open
265,  do you know the name of that restaurant on morgan street that is getting all the raves
266,  do you know what restaurants have catering
267,  do you know where i can find a place to eat that has gotten good reviews
268,  do you know where i can get some fresh sushi
269,  do you know where there is a wine bar
270,  do you know where they sell hummus
271,  do you think the noodle bar is open
272,  do you think tin whistle has fabulous service
273,  does angels have a dress code
274,  does any place sells corned beef and cabbage for st patricks day
275,  does anyone in town deliver tasty vegan pizza
276,  does bellinis have any outdoor parking
277,  does buffalo wild wings do takeout orders
278,  does burger king accept credit cards
279,  does caribe have a smoking area
280,  does chuck e cheeses have drive thru
281,  does dennys have a kids menu
282,  does firstwatch breakfast restuarant have outdoor seating
283,  does freds have take out
284,  does granit grill at 703 fx have cheap breakfast
285,  does gustovs have a bar
286,  does jaimes bakery have a great decor
287,  does johnsons steakhouse require formal attire
288,  does logans serve hamburgers
289,  does mcdonalds serve ice cream during breakfast hours
290,  does midys have takeout
291,  does mikes cafe have a smoking section
292,  does mikes country kitchen have a senior special
293,  does mister foos take reservations
294,  does mortons have a dress code
295,  does olive garden serve wine
296,  does osaka sushi express have great portions
297,  does paymon serves white wine
298,  does pedros mexican restaurant accept credit cards
299,  does pizza hut accept credit
300,  does quang take credit cards
301,  does ricatonis offer a lunch portion option
302,  does ruby tuesday on drake avenue have a salad bar
303,  does sherrys have an all you can eat buffet
304,  does stephanies on newbury have a brunch menu
305,  does target have their own parking spot is it good for bringing my date there
306,  does texas roadhouse open for lunch every day
307,  does tgi fridays have senior discounts
308,  does the alicias diner on danton drive offer fixed price menus
309,  does the asian restaurant downtown has parking
310,  does the caranova restaurant at kendall square offer a fixed price menu
311,  does the chinese buffet on 6 th avenue have a smoking section
312,  does the eastside grill have a dress code
313,  does the einstein bros bagels offer fine dining and a close location
314,  does the italian restaurant in the town center offer carry out
315,  does the italian restaurant on 5 th street require a dress code
316,  does the italos bakery along the road have waterfront dining
317,  does the kostas pizza and seafood restaurant have grat prices
318,  does the kyotoyo japanese restaurant in the theater district deliver
319,  does the mcdonalds on 7 th avenue offer free parking
320,  does the nearest asian restaurant have a kids menu
321,  does the nearest howard johnsons have room service
322,  does the pho 2000 on state park rd have online reservation options
323,  does the pizza shop on florida have outdoor parking
324,  does the trendy new place in holbrook have egg rolls
325,  does the wildhorse saloon restaurant have a museum or gift shop
326,  does this chinese restaurant have private rooms
327,  does this restaurant have a good family friendly atmosphere
328,  dominos pizza joint near my location
329,  farmer boys burgers in my town
330,  fast food restaurant in the area
331,  feel like having a heart attack heart attack grill
332,  find a brewpub with entrees under fifteen dollars
333,  find a carry out chinese restaurant
334,  find a cheap brewpub that serves beef
335,  find a chinese place that delivers
336,  find a chinese restaurant that will take american express
337,  find a chinese restaurant with a large buffet
338,  find a classy expensive restaurant with excellent reviews
339,  find a clean place to eat that has reasonable prices
340,  find a comella brothersand italian market for our anniversary that is within 10 miles from here
341,  find a fine dining restaurant within 6 miles
342,  find a high end place that serves pancakes
343,  find a local fruit stand
344,  find a mexican food restaurant that has a very good rating
345,  find a mike donuts for non smokers
346,  find a place to eat that has a drive thru
347,  find a place with live music and happy hour specials
348,  find a reasonably priced restaurant on highwood drive called oriental kitchen
349,  find a thai cuisine within 2 miles
350,  find a wright wright take out for a special occasion
351,  find an in and out burger place
352,  find an inexpensive mexican restaurant in the area
353,  find an italian resturant that serves family style
354,  find italian restaurants in atlanta ga
355,  find italian restaurants within 10 miles
356,  find me a 3 star rated burger restaurant within 10 miles
357,  find me a causal bar and grill
358,  find me a cheap brazilian restaurant
359,  find me a cheap restaurant with a no smoking area
360,  find me a cheaply priced thai restaurant
361,  find me a chinese restaurant nearby
362,  find me a chinese take out restaurant
363,  find me a close by meat market which sells produce
364,  find me a close by sub shop
365,  find me a close travel center
366,  find me a deli which has an eat in area
367,  find me a dim sum restaurant open at 8 am
368,  find me a fancy place to eat
369,  find me a fast food restaurant
370,  find me a german restaurant within 10 miles
371,  find me a good buffet near stockton ca
372,  find me a good burrito truck in the mission
373,  find me a good deli in manhattan
374,  find me a good pho restaurant in portland or
375,  find me a good pub that has a dance floor
376,  find me a good vegetarian restaurant
377,  find me a jack in the box thats open
378,  find me a kid friendly restaurant within three miles of here
379,  find me a local outdoors shop that sells fire wood
380,  find me a local restaurant serving turkish food
381,  find me a nail salon that does pedicures
382,  find me a pizza parlour please
383,  find me a pizza place that takes credit cards
384,  find me a place that sells burgers closest to me
385,  find me a place that serves chinese takeout
386,  find me a place to eat near by
387,  find me a place to eat that has excellent sushi
388,  find me a place to get pizza nearby
389,  find me a popular local coffee shop
390,  find me a ranch style barbecue that serves lunch at 3 pm about one mile from my current position
391,  find me a restaurant good for a date
392,  find me a restaurant near a movie theater thats open at 6 pm on saturday
393,  find me a restaurant near the stadium
394,  find me a restaurant that has a smoking area and serves alcohol and is withing 20 miles of my current location
395,  find me a restaurant that is quick and cheap
396,  find me a restaurant that serves hawaiian food
397,  find me a restaurant with burgers on the menu and large portions that offers business dining
398,  find me a restaurant with truck parking and good ratings
399,  find me a restaurant with valet access
400,  find me a restaurant within 5 miles of here that is open at 1 am
401,  find me a review of grasons barbeque
402,  find me a romantic restaurant in 7 hills
403,  find me a romantic restaurant that has an open table
404,  find me a sitdown place with a buy one get one free offer
405,  find me a southwestern restaurant that serves breakfast and is located nearby
406,  find me a spanish restaurant where i can smoke
407,  find me a sports bar that serves food
408,  find me a store that sells apple products within fifty miles
409,  find me a sudbury pizza place thats no more than 10 minutes from here
410,  find me a take out chinese restaurant
411,  find me a take out restaurant with fried chicken less than 2 miles from here
412,  find me a tgi fridays near me
413,  find me a thai restaurant with a great rating
414,  find me a vegan restaurant not more than 5 miles away
415,  find me a very well priced cuban restaurant
416,  find me all the local italian joints
417,  find me an ethiopian restaurant with good service
418,  find me an ethiopian restaurant within 5 miles of here
419,  find me an expensive american restaurant
420,  find me an indian restaurant that serves lamb
421,  find me an italian restaurant which has received high ratings for its service
422,  find me brazilian food with on location parking
423,  find me chicken places that accept discover card
424,  find me chinese food
425,  find me fast food that serves salad
426,  find me italian restaurants with cheesecake
427,  find me restaurant that isnt cheap with chocolate cake on the dessert menu and byob
428,  find me route directions from lexington ky to cincinnatti ohio
429,  find me soul food in los angeles
430,  find me the best rated chinese restaurant in the twin cities
431,  find me the closest bakers
432,  find me the closest ihop
433,  find me the closest sonic drive thru
434,  find me the closest walmart
435,  find me the nearest chase bank
436,  find me the nearest mcdonalds please
437,  find me the nearest placed to eat
438,  find me the phone number to dominos pizza
439,  find me the phone number to the closest afghan restaurant
440,  find my someplace around here where i can rock out with a smoothie
441,  find nearby restaurants with coupons
442,  find out how to get to the chipotle mexican grill on 12 th and pine
443,  find pizza places
444,  find ratings of all local italian restaurants
445,  find restaurant with italian food
446,  find restaurants within 5 miles with entrees under 15
447,  find somewhere to eat that is open before 7 am with average pricing along the route
448,  find thai food
449,  find the closest brewpub
450,  find the closest dunkin donuts
451,  find the closest homeward bound that has a happy hour
452,  find the closest sea food restaurant
453,  find the nearest chicken stand
454,  find the nearest irish restaurant
455,  find the number of the best barbecue joint in town
456,  find us a deli near central park
457,  find us a sushi bar near brooklyn heights
458,  find us a sushi bar near jackson
459,  find us locations of china wok
460,  get me to a good pho restaurant
461,  get me to a mexican place
462,  get me to the best italian restaurant with the highest rating
463,  give me a list of restaurants that have seafood on the menu
464,  give me a random restaurant that i havent been to yet
465,  give me directions to a mcdonalds
466,  give me directions to an arbys
467,  give me directions to saturn grill
468,  give me the closest place that does sushi
469,  give me the hours for the closest waffle house
470,  give me the locations of the buffets in town
471,  give me the names of the three closest pizza parlors
472,  going to shake shack wheres the best place to park
473,  gryos nears restaurant serving them
474,  hard rock hotel restaurant near me
475,  hello would you please take me to sushi stop
476,  hello yes i need a steakhouse reservations childrens menu and pricing along with reviews of at least 3 stars
477,  help me find a burger joint
478,  help me find a five star chinese buffet within ten minutes of my current location
479,  help me find a good place to eat
480,  help me find a high end restaurant that is open until 11 pm
481,  help me find a place for fast food
482,  help me find a place my kids would like to eat
483,  help me find a sports bar that is smoke friendly
484,  help me find jack in the box in beverly hills
485,  hey could you look up a restaurant with the best meatballs in town
486,  hey im looking for a great date night idea any suggestions
487,  hey take me to variety food court
488,  hey tell me where theres a taco bell nearby
489,  hi hershel is there any place around here with something good to eat
490,  hi i would like some thai food is there any nearby
491,  hi please find me a sushi restaurant that has good reviews and that isnt too expensive
492,  hi would you please find a restaurant with cheap vegan options
493,  how are the prices at donatellas
494,  how big are the portions at cheddars
495,  how can i get to anthonys cafe on the waterfront
496,  how can i quickly get to the nearst long john silvers
497,  how close is the closest mexican restaurant
498,  how close is the nearest olive garden
499,  how do i get from the honolulu zoo to izakaya gazen
500,  how do i get to burger king on oak street
501,  how do i get to the cloest port of subs
502,  how do i get to the nearest hooters
503,  how do i get to the nearest taco bell
504,  how do you get to als diner from here
505,  how expensive is olive garden
506,  how expensive is the food at chinese express
507,  how far am i from the nearest bagel shop
508,  how far am i from true thai right now
509,  how far away is a chicago style sub joint
510,  how far away is the closest burger king
511,  how far away is the nearest applebees
512,  how far away is the nearest steak house
513,  how far for a burger place
514,  how far is evergreen taiwanese restaurant from the himalayan
515,  how far is the arbys
516,  how far is the english pub that serves a fry up
517,  how far is the nearest applebeas
518,  how far is the nearest olive garden
519,  how far is the taco bell
520,  how far to the nearest fast food
521,  how far to the next subway
522,  how late does mcdonalds serve breakfast
523,  how late pfchangs in paradise road will be open
524,  how long will it take me to drive from glasgow to the three chimneys in skye
525,  how long will it take me to drive to the band box diner from here
526,  how many burger kings are around
527,  how many burger kings are nearby
528,  how many chinese restaurants are there
529,  how many miles will it take me to get to dominoes
530,  how many pizza restaurants are nearby
531,  how many places serve pizza
532,  how many restaurants near me have bathrooms
533,  how many restaurants that accept reservations are within 10 miles
534,  how much is a plate at the olive garden
535,  how much is an average plate at spencers diner
536,  how much is small box of fries at jack in the box
537,  how much longer is subway open
538,  how should i dress when going to francoiss
539,  huges bar and brill thanks
540,  i am diabetic and need to know if there are any health stores in the area
541,  i am having trouble fully waking up could you find some reviews of local coffee shops
542,  i am hungry please find nearby restaurants
543,  i am in the mood for shrimp where is the closet place i can go
544,  i am in the mood for some chinese food can you find me a place
545,  i am looking for a dennys that is 5 miles from here
546,  i am looking for a good place to eat
547,  i am looking for a local pizza restaurant that delivers
548,  i am looking for a mediterranean restaurant that delivers
549,  i am looking for a mexican restuarant that has a mariachi band
550,  i am looking for a nice restaurant within 30 miles that accepts credit cards
551,  i am looking for a restaurant that allows smoking
552,  i am looking for a restaurant that serves english food i want the price to be cheap to moderate
553,  i am looking for an olive garden are there any close by
554,  i am looking for lunch buffets within 15 minutes driving distance
555,  i am looking for sandwhiches
556,  i am looking for some chinese food
557,  i am looking for the best large buffet within 15 miles
558,  i feel in the mood for spicy food what can you do for me
559,  i feel the need for some killer barbeque help me please
560,  i hate smoke so list off some eateries i can go relax at
561,  i have a coupon for sweet tomatoes where is the nearest one
562,  i have a craving for fish and chips but i am on a budget so i need them cheap
563,  i have a dinner date at 5 where should i take her
564,  i have alcohol where can i find a good appetizer
565,  i have an important business luncheon and need to find a place that caters to professionals
566,  i have to be back at the office before 3 pm which restaurant is located within 1 mile from here
567,  i just need to find the closest diner to pick up some quick cheap breakfast
568,  i just want to eat at home could you direct me to a fast food place that has carry out
569,  i need a 4 star rated subway nearby
570,  i need a 5 star rated sushi bar close by
571,  i need a cheap restaurant for brunch
572,  i need a close restaurant that is open currently
573,  i need a deli that caters
574,  i need a family friendly place to eat tonight
575,  i need a kid friendly lunch place
576,  i need a kid friendly place to get sushi
577,  i need a korean barbecue restaurant
578,  i need a late night spot with good service
579,  i need a list of restaurants that take the diners card in a 5 mile radius
580,  i need a middle eastern restaurant with friendly service
581,  i need a place for kids to eat at 12 pm
582,  i need a place for smoking
583,  i need a place to get enchiladas thats open every day
584,  i need a quick bite to eat
585,  i need a reservation for 12 at 6 pm at the nearest asian restaurant
586,  i need a reservation for two at the nearest steakhouse
587,  i need a restaurant with lots of parking and large portions called nations restaurant news
588,  i need a thai place nearby can you find one
589,  i need a two pm reservation for hooters thanks kitt
590,  i need an expensive place within 5 miles of here
591,  i need an inexpensive italian restaurant with big portions
592,  i need an italian restaurant with a kids menu
593,  i need an unbelievably priced place on kingsdale st that has a bar atmosphere
594,  i need directions from my location to luigis pizza
595,  i need directions to the closest pancake place
596,  i need directions to the nearest ethiopian restaurant
597,  i need food delivered from near downtown
598,  i need gluten free options on the restauarant menu
599,  i need help finding a soul food restaurant
600,  i need info on wendys opening hours
601,  i need phone numbers to carry out pizza places within 2 miles
602,  i need reservations for 4 at the nearest sushi bar
603,  i need some potato fries on beacon hill with quick service
604,  i need something hot to eat on the way to work
605,  i need somewhere decently priced
606,  i need the closest chic fil a that is still serving the peach shake
607,  i need the hours of operation for lulus restaurant in gulf shores
608,  i need to book a business breakfast at the right price
609,  i need to find a galvins harp and bard near here
610,  i need to find a place that is open every day
611,  i need to find a restaurant int he government center with good service an a decent price
612,  i need to know of a place that serves breakfast beginning as early as 5 30 am
613,  i really feel like seafood right now whats close
614,  i smell bread take me there
615,  i think i could go for some mexican food right now can you see if there is anything nearby
616,  i wanna try something new find me a restaurant that carries sushi
617,  i want a 5 star restaurant that does carry out
618,  i want a beer from the cambridge brewing company
619,  i want a buffet
620,  i want a good milkshake where can i find it nearby
621,  i want a great milkshake
622,  i want a greek sandwich with goat cheese
623,  i want a list of restaurants that are chinese buffets within 5 miles of here
624,  i want a pad thai place around here thats open all day
625,  i want a place that allows smoking and serves health food
626,  i want a restaurant near the campground that allows smoking
627,  i want a restaurant on smith st that serves toast
628,  i want a restaurant that is open after 9 pm that is quite and has nice service
629,  i want a restaurant where i can order some carry out potato soup
630,  i want a taco from a taco truck
631,  i want an upscale steakhouse that has valet parking
632,  i want mcdonalds
633,  i want mexican food thats cheap which restaurant is closest
634,  i want pizza
635,  i want pizza im looking for the best pizza restaurant that is kid friendly and has carry out
636,  i want restaurants that are pet friendly
637,  i want some chips and salsa
638,  i want some taco bell
639,  i want something full of grease
640,  i want something to eat close by
641,  i want something to eat that is not fast food
642,  i want tacos
643,  i want take out mexican food right now
644,  i want the spiciest buffalo wings in town where should i go
645,  i want to eat at a very classy restaurant
646,  i want to eat fast food italian
647,  i want to eat hamburgers
648,  i want to eat in the best rated restaurant in the area
649,  i want to eat mexican food
650,  i want to eat some pasta
651,  i want to eat sushi please find me a place
652,  i want to find a burger that isnt fast food
653,  i want to find a german restaurant on the lower east side that serves brunch on saturday and or sunday
654,  i want to find a kosher deli that serves tongue and brisket sandwiches
655,  i want to find a nearby coffee shop with the highest customer ratings
656,  i want to find a new restaurant in my area that has just opened
657,  i want to find a place that serves beef patties
658,  i want to find a place that serves pizza by the slice
659,  i want to find a place to eat that is very clean and has good service
660,  i want to find a place with spaghetti and meatballs
661,  i want to find a restaurant that has a diet friendly menu
662,  i want to find a restaurant with an outdoor dining section that permits smoking
663,  i want to find an italian restaurant
664,  i want to get a list of pancake restaurants that are nonsmoking
665,  i want to get a reservation at the best michelin rated french restaurant
666,  i want to get price info on chez yogis restaurant in tow city
667,  i want to get some chinese food
668,  i want to get to a coffee shop that serves breakfast after 11 am
669,  i want to get to a restauarant as fast as possible
670,  i want to go dancing at a nearby place and i want scallops while im at it
671,  i want to go to a nicely priced place within 10 minutes that has a good tomato sauce
672,  i want to go to a restaurant with a high zagats rating and average plate cost of less than 20 nearby
673,  i want to go to an indian restaurant downtown
674,  i want to go to taco bell or taco jhons what ever is closer
675,  i want to have lunch in downtown la
676,  i want to have tacos
677,  i want to make a reservation at an indian restaurant but i dont know the location of one around here
678,  i want to make dinner plans for the convention can you take me somewhere that does catering
679,  i want to reserve the back room at bensons grill for my daughters birthday party next friday night is it available
680,  i want to try a blow fish could you find a good place to try it
681,  i want to try something exotic
682,  i want to try something new for dinner tonight
683,  i was some expensive dumplings
684,  i wnat to go to a steakhouse with outdoor dining within 10 miles
685,  i would like a list of restaurants that are smoke free near my house
686,  i would like find where all the nearby food trucks are
687,  i would like some dim sum today that is less than 5 miles away
688,  i would like some food what restaurants arent closed in the area
689,  i would like to eat fish today any recommendations
690,  i would like to eat pizza at a place with outdoor seating
691,  i would like to eat tofu at 12 pm for a reasonable price
692,  i would like to find a french restaurant that is rated at least 4 stars
693,  i would like to find a mexican restaurant nearby
694,  i would like to find a soul food restaurant
695,  i would like to find a vegan restaurant
696,  i would like to find a vegeterian restaurant
697,  i would like to go to a sushi restaurant
698,  i would like to know the location of a chinese restaurant
699,  i would like to know where the best restaurants are
700,  i would like wendys
701,  i would llike breakfast foods
702,  ice cream shop with 20 flavors or more near here
703,  id like a coffee shop that serves pie
704,  id like some comfort food farm vegetables
705,  id like to eat at a good lunch spot for the right price
706,  id like to eat in a reasonably priced restaurant that is not part of chain and that serves american food
707,  id like to eat some halal at a bar
708,  id like to find a breakfast place
709,  id like to find a cheap pub with internet access
710,  id like to find a chinese restaurant nearby
711,  id like to find a diner that has grilled cheese and soup close to here could you suggest one
712,  id like to go somewhere off the beaten path to get some middle eastern food
713,  id like to know the closest starbucks open past 9 pm
714,  id really like a thai restaurant that has carryout do you know of one
715,  id there a mina bakery in chinatown
716,  if want only organic vegetables and fruits in my dishes which restaurant is best
717,  im craving twice baked potatoes where do they serve them in a ten mile radius
718,  im feeling a little down so id like go somewhere thats really bright and fun for breakfast
719,  im hungry and i feel like eating chinese
720,  im hungry and want a tasty burger
721,  im hungry find me a restaurant with large portions
722,  im hungry for a steak any good restaurants around
723,  im hungry for thai
724,  im hungry lets get some tacos
725,  im in a hurry wheres a place i can get a quick meal
726,  im in the mood for chinese food
727,  im in the mood for chinese which restaurants nearby have the best ratings
728,  im in the mood for mexican food
729,  im in the mood for some texas chili
730,  im in the mood for something light
731,  im in the mood to eat something ive never tried before can you find me something like that
732,  im looking for a 5 star restaurant whats the closest one
733,  im looking for a chinese restureant thats moderate
734,  im looking for a diner along my route
735,  im looking for a family style restaurant so i can eat at the bar anything within two miles
736,  im looking for a nice place to eat for me and my girlfriends one year anniversary where i can schedule romantic candles and flowers for her
737,  im looking for a pizza restaurant that has buffalo chicken where i can eat in i only have a credit card
738,  im looking for a place that serves apple pie
739,  im looking for a romantic restaurant where are some near me
740,  im looking for a top of the line steak place with valet parking
741,  im looking for an all you can eat mexican buffet
742,  im looking for an asian buffet
743,  im looking for cheap spanish cuisine
744,  im looking for some nearby brazilian food for a special occasion
745,  im looking for somewhere i can get a lot of food for not too much money
746,  im looking for somewhere to get affordable sushi
747,  im looking for somewhere with a good wine list within a mile of here that is open before ten in the morning
748,  im low on cash where is the nearest atm
749,  im on a budget but i want to eat can you suggest something
750,  im on a really tight budget but im hungry help me out
751,  im really hungry take me to the closest restaurant
752,  im starving help me find a fast food restaurant
753,  im starving is there a restaurant that sells shawarma here
754,  im starving so fast food will do
755,  im starving tell me where the closest mcdonalds is
756,  im thinking spanish tapas is there one in port
757,  im trying to find a family friendly restaurant with a gift shop within 10 miles of sunswept hotel in orange beach
758,  in which restaurants can one smoke
759,  indian restraunt
760,  is a dairy queen nearby
761,  is albertos deli open until 11 pm
762,  is azita restaurant a date spot
763,  is bambinos restaurant close by
764,  is chepes restaurant on the way
765,  is chickfila open today
766,  is dave and busters a good lunch spot
767,  is deluna pizza open after midnight
768,  is fitzys pub in san jose family friendly
769,  is golden house restaurant kids friendly
770,  is izzys ice cream shop open right now
771,  is jade garden within a mile of my current location
772,  is outback having any specials today
773,  is panera bread open for breakfast
774,  is papa johns on cradle way still open
775,  is pasquales still located on dayton street
776,  is quiznos open for breakfast
777,  is ruby tuesdays in chattanooga tn romantic
778,  is santa ramen in san mateo busy on thursday nights
779,  is sidney and hampton an expensive hotel restaurant
780,  is the a chau restaurant within a mile from here a local favorite
781,  is the amaral manuel near here open after 12 pm
782,  is the chateau restaurant affordable
783,  is the hoseas restaurant nearby and does it offer live music
784,  is the mcdonalds near my house open after midnight
785,  is the pasteur restaurant a good place for lunch are they expensive
786,  is the patio at the butcher and the boar dog friendly
787,  is the pizza place closer than the chinese restaurant
788,  is the pricing fair
789,  is the restaurant pushcart open until 11 am
790,  is the rubios fresh mex grill within 10 miles from my house a hidden find
791,  is the seven seas diner expensive
792,  is the silverbull steakhouse open seven days a week
793,  is the tea garden restaurant in medford good for a date night
794,  is the twirl pasta in north end a good place for a business lunch
795,  is the tylers restaurant in baltimore a little pricey
796,  is there a an indian restaurant in this town
797,  is there a bakery near here
798,  is there a bar that stays open after 2 am that is within a 5 minute distance
799,  is there a benihana in this city
800,  is there a bojangles in laurel
801,  is there a breakfast place that has valet parking
802,  is there a business dining restaurant where i can get cakes until 1 am
803,  is there a cafe that serves frog legs in fort worth
804,  is there a cheap fast food restaurant nearby
805,  is there a cheap vegetarian restaurant nearby
806,  is there a chick fil a within 5 miles of here
807,  is there a chinese buffet that serves family style
808,  is there a chinese restaurant in the midvale mall
809,  is there a chipotle located with in a mile of where i am now
810,  is there a ciao bella on holyoke st
811,  is there a club diner in watertown with a bar
812,  is there a deli nearby that takes credit cards and is open right now
813,  is there a diner with a patio in boxford
814,  is there a donut and donuts restaurant within 5 miles with a beer list
815,  is there a dress code and yuris dine in restaurant
816,  is there a five star restaurant or bar open late
817,  is there a good diner in oakland
818,  is there a good place to eat close by
819,  is there a good vegan restaurant for kids
820,  is there a halal place downtown where i could eat outside
821,  is there a hidden tudors biscut world in this town
822,  is there a hooters in this area
823,  is there a jacks restaurant around here
824,  is there a japanese restraunt near by
825,  is there a korean restaurant that is smoker friendly
826,  is there a korean restaurant with nice decor and open late
827,  is there a late night place in west newbury where i can smoke
828,  is there a location of field corner restaurant near by that has a happy hour
829,  is there a malaysian restaurant near roxbury crossing
830,  is there a mall with a food court around here
831,  is there a mcdonalds between here and my destination
832,  is there a mcdonalds nearby
833,  is there a mcdonalds within two miles of here
834,  is there a mexican restaurant near here with large portion sizes
835,  is there a moderately priced french restaurant in this area
836,  is there a nice place in the theater district that wont drain my wallet
837,  is there a nicely decorated restaurant in sacramento with a fireplace
838,  is there a olive garden nearby
839,  is there a pancake house nearby
840,  is there a patio at w a frost
841,  is there a place near by that serves tapas
842,  is there a place that serves breakfast this late
843,  is there a place that will let me bring my own alcohol
844,  is there a place to eat in the abington theatre district open after midnight
845,  is there a place to eat that has a friendly and cheerful atmosphere and offers steak on the menu
846,  is there a place to eat that is still open at 10 pm close by
847,  is there a place to get high tea nearby
848,  is there a place with walking distance of the cinema that serves pizza by the slice
849,  is there a place within 10 minutes that has great atmosphere for a special meal
850,  is there a ponderosa near here
851,  is there a pool side night club nearby
852,  is there a portuguese restaurant nearby
853,  is there a rancho veo restaurant in north memphis
854,  is there a real cheap place to eat in kendall square at 8 pm
855,  is there a reasonably priced restaurant that has perfect portion sizes
856,  is there a red lobster in the area
857,  is there a restaurant around here that serves chicken wings
858,  is there a restaurant around where i could watch a football game it needs to be kid friendly
859,  is there a restaurant close by that has dancing and serves scallops
860,  is there a restaurant close by with valet parking
861,  is there a restaurant in inman square that is after 9 pm 7 days a week
862,  is there a restaurant in the south end that has a fireplace and serves good portions
863,  is there a restaurant on the way
864,  is there a restaurant on waverly street that is priced competitively
865,  is there a restaurant that has a 5 star rating for it that people like
866,  is there a restaurant that serves tacos before noon in charlestown
867,  is there a restaurant with a bar scene nearby that serves small portioned meals and snacks
868,  is there a sbarro in the galleria mall
869,  is there a sclafani italian bakery nearby with a view
870,  is there a seafood restaurant around here
871,  is there a small place in franklin that has beans
872,  is there a smoking section at olive garden
873,  is there a sports bar within a mile of the minneapolis convention center
874,  is there a starbucks on the west side of town
875,  is there a sudbury pizza place thats within 10 miles
876,  is there a swensens restaurant in the north end
877,  is there a taco joint near the college
878,  is there a taqueria el rancho grandes around here for taking a date
879,  is there a thai restaurant with a great wine list
880,  is there a vegan restaurant within 5 miles
881,  is there a very high end pastry place close to me
882,  is there a wah sang restaurant with a great beer list
883,  is there a wangs fast food near providence highway
884,  is there a white castle on berkeley avenue
885,  is there an all asia cafe nearby
886,  is there an apple bees near by or similar bar and grill
887,  is there an applebees in hicksville ny with a special 10 menu
888,  is there an english style restaurant open until midnight in north weymouth
889,  is there an environmentally friendly restaurant nearby
890,  is there an expensive hotel named sidney and hampton with dining services
891,  is there an expensive restaurant near here
892,  is there an ihop near by
893,  is there an indian restaurant within 5 miles that has a dinner buffet
894,  is there an italian bistro nearby
895,  is there an italian place nearby
896,  is there an olive garden in kendall square with private dining rooms
897,  is there an open taco bell nearby
898,  is there an restaurant in this part of town that serves thai food
899,  is there an s and i to go nearby that has small portions
900,  is there any 24 hour deli on the west side of town
901,  is there any chinese food nearby
902,  is there any cuban food nearby with authentic dining
903,  is there any good pizza in the area
904,  is there any place around that has bring your own liquor
905,  is there any place in this area that has outdoor seating
906,  is there any place nearby that serves seafood
907,  is there any place on the waterfront that does not allow smoking on the outside decks
908,  is there any place open after 9 pm
909,  is there any place that i can get a quick meal that isnt fast food
910,  is there any place where i can take my pet
911,  is there any red lobster by the mall
912,  is there any restaurant close by has live music
913,  is there any restaurant in the city that serves congee
914,  is there any restaurant near kendall square that delivers tea
915,  is there any restaurant that serves fried chicken late night
916,  is there any sandwich shop by the high school
917,  is there anywhere in kendall square that has tea and delivers
918,  is there anywhere near here that is open 24 hours and serves breakfast
919,  is there anywhere near me that i can find a great sandwich
920,  is there anywhere thats open past 1 am with exceptional prices
921,  is there anywhere to eat after 10 p m
922,  is there caribbean food around here
923,  is there food near by
924,  is there moderately priced food near
925,  is there more than one fatty fish restaurant on long island
926,  is there parking at pierres
927,  is there somewhere to eat that is kid friendly
928,  is this restaurant a hidden find
929,  is this restaurant a local favorite
930,  is this restuarant open 7 days a week
931,  is togos smoke free
932,  is ye olde cottage restaurant on the way i need a place to take some clients
933,  its 10 pm is anything open
934,  jeez the traffic is horrible today it looks like we need something quick off to donalds
935,  kid friendly restaurant never design center place with uper nice service
936,  king fung garden two with parking
937,  lets find the fanciest french cuisine in the city
938,  lets get some fries
939,  lets go get a taco
940,  list all restaurants that cater to families within a ten mile location of my current location
941,  list close restaurants
942,  list the nearest mcdonalds to 87 th and ashland
943,  lobster roll
944,  local fish tacos
945,  local hooters
946,  local mcdonalds please
947,  local restaurant joints with smoking areas
948,  local subway resturant
949,  locate a five star restaurant that is open after 10 pm
950,  locate a place to eat that serves milk shakes
951,  locate a sushi restaurant and give me their phone number
952,  locate all mcdonalds within 5 miles
953,  locate an all you can eat buffet
954,  locate bar with alcohol
955,  locate the nearest fast food restaurant
956,  locate the nearest restraunt
957,  look for inexpensive authentic mexican restaurants in chattanooga tennessee
958,  look up the reviews for this new asain restaurant
959,  looking for a 5 star restaurant that serves a great steack
960,  looking for a diner with comfortable atmosphere and a rustic setting
961,  looking for a drive through restaurant close by opened 24 7
962,  looking for a good place to get cheese fries
963,  looking for a high end italian restaurant within a 5 miles
964,  looking for a kfc
965,  looking for a kid friendly restaurant in mid price range
966,  looking for a restaurant with the highest approval ratings
967,  looking for a strong fair priced restaurant that is near
968,  looking for a tai restaurant that is nerby that takes online reservations
969,  looking for a three star restaurant along my current route within the next hundred miles and not more then a mile off route any suggestions
970,  looking for an expensive seafood place make a reservation for 6 people at 6 00
971,  looking for anything open before 7 a m nearby offering hip music
972,  looking for breakfast restaurants with byob
973,  looking for californian cuisine with great prices
974,  looking for crowd pleasing fatz along the way
975,  looking for d k bakery near here where the stars hang out
976,  looking for duck dish with great pricing and good rating
977,  looking for freebirds world burrito that is open late
978,  looking for hotel dining on central square with great pricing
979,  looking for local pizzahut
980,  looking for olympic house of pizza for lunch any close by
981,  looking for reasonably priced diners
982,  looking for sebastians restaurant offering generous portions
983,  looking for star hangout close by called marios italian restaurant
984,  looking for sushi with prix fixe menu at a reasonable price
985,  looking for tapas cuisine with great prices
986,  looking for the cheapest place to eat im on a budget
987,  looking for tom yum cafe around here with excellent prices
988,  looking for tuna dishes that offer parking
989,  looking for urban gourmet on bay road with great wine lists
990,  looking for very cheap sake restaurant that allows smoking
991,  make a 5 00 p m reservation for black angus
992,  make a reservation for 3 people at 8 pm tonight at the melting pot in towson
993,  make a reservation for six pm at a french restaurant with at least a 4 star rating
994,  make a reservation for us at the french restaurant for tonight at 8 pm also give us the dress code for the restaurant
995,  make a reservation tonight for four at billies steakhouse
996,  make me a reservation for a restaurant with a nonsmoking patio and that isnt fancy for 30 minutes from now
997,  make me reservations for three people at devitos italian
998,  may i have the business hours for the nearest red lobster
999,  mexican food
1000,  mexican food to go
1001,  mexican restaurant nearby
1002,  moderately priced seafood restaurant
1003,  my date and i would like some espresso thats within 10 min
1004,  my kids need lunch can you help
1005,  my kids want a happy meal
1006,  my kids want to sit outside and eat cheeseburgers
1007,  my nephew loves burgers where is the nearest five guys
1008,  name the local buffets
1009,  navigate me to a thai restaurant thats 4 stars or higher
1010,  nearest fast food restaurant
1011,  need a four star restaurant in a hotel
1012,  need a reservation for six pm at the steak shack in detroit for four people and possibly a baby for tonight
1013,  newbury street bakery and deli directions
1014,  nyc 5 star pizza parlors
1015,  of the restaurants that require suit jackets for men which have the best service and food
1016,  please find a high end restaurant that i can take my clients to
1017,  please find a japanese place that near an indian restaurant
1018,  please find a mexican restaurant with a smoking section and more then 1 star review
1019,  please find a restaurant where i can order cocktails with lunch
1020,  please find a taco place near my house
1021,  please find italian restaurants that are child friendly
1022,  please find me a cheap chinese restaurant nearby
1023,  please find me a child friendly diner with a tv
1024,  please find me a non smoking restaurant that serves seafood i also want on site parking
1025,  please find me the nearest thai place
1026,  please find the address of international house of pancakes
1027,  please find the closest midpriced sit down restaurant with chicken tenders or macaroni on the kids meal
1028,  please get me the street address of the dennys in this area
1029,  please give me directions to the nearest made to order place where i can get a cheeseburger
1030,  please give me the hours of operation for the burger king nearest me
1031,  please help me locate a restaurant that allows smoking
1032,  please list restaurants that serve alcohol within 5 miles
1033,  please locate a bar off of main street down town that has valet parking is open late and has good reviews
1034,  please locate a mcdonalds
1035,  please make me a reservation for tonight at jax cafe at 7 pm for six
1036,  please name all restaurants that offer curb side pick up on highway 43 south
1037,  please navigate to the closest coffee shop with free trade coffee
1038,  please show me some reviews about the sushi place
1039,  please take me to a highly rated family diner
1040,  pub
1041,  quick i need a hot dog
1042,  reasonably priced byob irish restaurant
1043,  red lobster with no smoking
1044,  red robins restaurant
1045,  restaurant that caters to children and that is fun for parents and kids alike
1046,  restaurants in the area
1047,  restaurants that take visa or master card
1048,  restuarnt that cathay owns
1049,  search for a buffet that is a smoke free environment within 5 miles of my location
1050,  search for a place that serves meatloaf
1051,  search for dine in restaurant
1052,  search for fast food places that also have a kid play area
1053,  search for restaurants with seafood
1054,  show me a inexpensive restaurant within 10 miles
1055,  show me all of the local restaurants with a smoking area
1056,  show me all the restaurants that are not franchises in my area
1057,  show me restaurants that serve senior portions
1058,  show me some cheap eats
1059,  show me some mexican restaurants that arent too far
1060,  show me some restaurants nearby that have 3 star or higher rating
1061,  show me the moderately priced japanese restaurants in a ten mile radius
1062,  show me the three closest wendys
1063,  show me the three nearest boston market restaurants
1064,  show me where the nearest sports bar is
1065,  smoke friendly restaurants
1066,  some jerky would make my day
1067,  someplace where the prices for food arent bad and i can get something to eat before 8 am
1068,  strega restaurant and lounge offering local cuisine
1069,  suppose im looking for the best fish in sd
1070,  tacos stand near my location
1071,  take me for the best dessert today
1072,  take me to a hole in the wall that has high reviews is open late and serve drinks
1073,  take me to a local restaurant
1074,  take me to a nice restaurant with generous portions
1075,  take me to a restaurant i would like
1076,  take me to the closest restaurant i can smoke in
1077,  take me to the nearest tex mex restaurant
1078,  tell me the hours of chipotle in midtown
1079,  tell me what restaurants are available within a 5 minute drive
1080,  tell me where i can find a good meal in this town
1081,  thai
1082,  the most expensive restaurant in town with a dress code and reservations
1083,  the opening times of nearby pizza places
1084,  today is a good day for some tacos off to taco bell
1085,  tummys grumbling give me the nearest fast food joint
1086,  want mushrooms near mansfield avenue before 7 am
1087,  want to find a restaurant that specilizes in spagetti
1088,  we have a crying baby how far is a place to eat that is kid friendly
1089,  we want t go to dinner and then dance
1090,  what are some fine dining restaurants in the area
1091,  what are some of the best restaurants in this city
1092,  what are some of the locally favourite restaurants
1093,  what are some restaurants that serve american food that are with in one mile
1094,  what are the average prices for lunch at mikanos
1095,  what are the directions to siu kuen chinese restaurant
1096,  what are the directions to the speakeasy cafe
1097,  what are the fast food restraurants on the next 6 miles of this road
1098,  what are the hours to verazzanos
1099,  what are the portions like at red lobster
1100,  what are the prices like at gregorys restaurant
1101,  what are the reviews on this italian restaurant
1102,  what are the spiciest local favourites served at cappys pizza and subs
1103,  what are the three highest rated restaurants in my area
1104,  what asian restaurants offer carry out
1105,  what chicken restaurants are in the area
1106,  what do you know about restaurants that have impressive wine lists
1107,  what fast food is near by
1108,  what has the best dumplings in town
1109,  what high end restaurants are nearby
1110,  what is a family friendly restaurant in dorche that serves vietnamese food
1111,  what is an italian restaurant in the area with family style meals
1112,  what is dominos numbers
1113,  what is jack in the box phone number
1114,  what is the address to burger king on route 63
1115,  what is the average mealcost for townline pizza in my city
1116,  what is the average price for lunch at olive garden
1117,  what is the average price range at ruby tuesday
1118,  what is the best coffee house near here
1119,  what is the best ice cream parlor
1120,  what is the best mexican restaurant in town
1121,  what is the best pizza place in the theater district
1122,  what is the best restaurant around
1123,  what is the best steak house in kansas city mo
1124,  what is the closest bar near heidis restaurant
1125,  what is the closest chic fil a
1126,  what is the closest fast food to me
1127,  what is the closest wendys to me
1128,  what is the dress code at fazolis
1129,  what is the dress code at the precinct
1130,  what is the dress code for eating at planet hollywood
1131,  what is the dress code for ruth chris steakhouse
1132,  what is the entree price at kiosque
1133,  what is the fastest route to the sonic
1134,  what is the favorite type of food people eat out here and where can i get it
1135,  what is the highest rated thai restaurant in austin
1136,  what is the most closest eat in restaurant in the area
1137,  what is the most expensive restaurant with a dress code and valet parking within 15 miles
1138,  what is the most popular italian restaurant near me
1139,  what is the name of that expensive greek restaurant in alston
1140,  what is the name of the restaurant within 50 miles of chatswin that was built inside a cavern
1141,  what is the name or phone number of the coffee shop on seminary street
1142,  what is the nearest fast food restaurant
1143,  what is the phone number for the closest chinese restaurant
1144,  what is the phone number of a nearby restaurant that serves garlic shrimp
1145,  what is the phone number of bills pizza
1146,  what is the phone number of the mcdonalds on the east side of town
1147,  what is the phone number to alans on oak street
1148,  what is the price for a lobster entree at martys marina
1149,  what is the price range for dinner at clarkes family restaurant
1150,  what is the rating for pho saigon in mesa arizona
1151,  what is the rating on arbys
1152,  what is the rating on burger island
1153,  what is this months special at mcdonalds
1154,  what italian restaurant is open 24 hours on dalton street
1155,  what kind of atmosphere does simpsons have
1156,  what kind of chicken dishes does theos serve
1157,  what kind of fondue does the magic kettle have
1158,  what kind of food does abc cafe serve
1159,  what kind of food does this place have
1160,  what kind of food does ubice sell
1161,  what kosher restaurants still have smoking sections
1162,  what local restaurants have an outdoor play area for young children
1163,  what nearby is open past midnight and has fabulous service
1164,  what nearby places are byob
1165,  what nearby restaurant has the best reviews
1166,  what nearby restaurants serve grilled tilapia
1167,  what pancake restaurants are nearby
1168,  what pizza place has the best toppings and is no farther than 4 miles
1169,  what place in saugus has the best decor
1170,  what places are cheap here
1171,  what places have great selections of beer
1172,  what places have pretty good prices
1173,  what places in roxbury are open before 8 am and have excellent service
1174,  what places serve dinner late
1175,  what portugeese restaurant is on colonel bell drive
1176,  what restaurant are cheap and only vegan
1177,  what restaurant are open till 10 pm
1178,  what restaurant has middle eastern food and great service
1179,  what restaurant is expensive and has entertainment
1180,  what restaurant is open till 9 pm
1181,  what restaurant nearby are affordable
1182,  what restaurant on the south side has the hottest sauce for their chicken wings
1183,  what restaurant sells crab close by
1184,  what restaurant serves burritos 7 days per week
1185,  what restaurant serves the largest portions of meat within 10 mile
1186,  what restaurant within 25 miles has the poorest quality food
1187,  what restaurants are close to the museum
1188,  what restaurants are nearby
1189,  what restaurants are open in the downtown area
1190,  what restaurants are open past midnight
1191,  what restaurants are still open this late
1192,  what restaurants are within 1 mile and have good prices
1193,  what restaurants around here have free wi fi
1194,  what restaurants downtown is open after 9 p
1195,  what restaurants have a large beer menu and are close to a hotel
1196,  what restaurants have nice family friendly brunch on weekends
1197,  what restaurants nearby serve ribs and ice cream sundaes
1198,  what restaurants stay open after 2 am within 5 miles
1199,  what route should i take in order to get to the closest fast food place
1200,  what seafood place around here has the biggest portions
1201,  what time does is breakfast over at burger king
1202,  what time does jollibees open
1203,  what time does kareems restaurant open
1204,  what time does king palace serve dimsum until
1205,  what time does little johns open on sunday
1206,  what time does mcdonalds in main street open
1207,  what time does on the rocks on seminary stop serving food
1208,  what time does papa johns close
1209,  what time does red robin close
1210,  what time does sonic burger open
1211,  what time does sonic open
1212,  what time does subway open
1213,  what time does the burger king on main street closes
1214,  what time does the nearest chipotle close
1215,  what time does the pho place in reno close
1216,  what time does the sushi place near me open
1217,  what time is happy hour at the juice shop
1218,  what time of the day does mcdonals start serving lunch the one near here
1219,  what type of cusine does gates have
1220,  what vegetarian options does zaxbys offer
1221,  what would be an impressive restaurant for me to take a future business partner to
1222,  whats a cheap place near melrose that serves pakistani styled kabobs
1223,  whats a good restaurant for a casual date
1224,  whats a nicely priced southwestern place near here
1225,  whats a popular place to east
1226,  whats an expensive belgian restaurant in san diego
1227,  whats open after noon
1228,  whats the address of best locally owned sub sandwich shop
1229,  whats the best barbeque restaurant in memphis
1230,  whats the best french style cafe in sacramento
1231,  whats the best indian restaurant in the area
1232,  whats the best place around here to get cheese
1233,  whats the best restaurant within 10 blocks from us
1234,  whats the cheapest fast food restaurant that has a play area for children
1235,  whats the closest and cheapest bistro nearby
1236,  whats the closest chinese food place
1237,  whats the closest pizza restaurant
1238,  whats the closest restaurant with a full salad bar
1239,  whats the most expensive restaurant on the back bay thats open until midnight
1240,  whats the most popular steak house around here
1241,  whats the nearest pizza place that serves anchovies
1242,  whats the phone number for that family owned thai restaurant on the north side
1243,  whats the phone number the restaurant i just pass
1244,  whats the phone number to bouchon in napa
1245,  whats the shortest route to mcdonalds
1246,  when does better burger open today
1247,  when does churchs open
1248,  when does dominos open
1249,  when does pizza patron open
1250,  when does subway open
1251,  when does white castle close
1252,  where are some fast food joints in driving distance to here
1253,  where are some mexican restaurants
1254,  where are the restaurants with a formal dress code around here
1255,  where can a group be served omelets
1256,  where can get some fried chicken
1257,  where can i dine outside and eat pork chops
1258,  where can i eat a nice sit down dinner and have some pho
1259,  where can i eat african food for cheap
1260,  where can i eat around here
1261,  where can i eat by the water close by
1262,  where can i eat pita bread late at night
1263,  where can i eat that delivers food
1264,  where can i eat that has valet parking
1265,  where can i eat that isnt cheap
1266,  where can i eat that wont need a reservation and that i can be at in 20 minutes
1267,  where can i find a cambodian restaurant that also sells ingredients
1268,  where can i find a cheap place to eat in peabody
1269,  where can i find a coffee shop within 10 miles that is not part of a chain
1270,  where can i find a coffee zone that has dining at the bar and a good rating
1271,  where can i find a cracker barrel near miami
1272,  where can i find a good brepub that is open after 11 pm
1273,  where can i find a good place to eat that is in within miles from me
1274,  where can i find a good pork chop
1275,  where can i find a good restaurant in the theatre district
1276,  where can i find a high end restaurant on chestnut street open after 11 pm
1277,  where can i find a late night taco joint
1278,  where can i find a nice gelato place that offers carryout
1279,  where can i find a place for people watching nearby
1280,  where can i find a place that serves gelato
1281,  where can i find a place to eat that serves pasta
1282,  where can i find a place with a great wine list
1283,  where can i find a place within 5 minutes with great prices
1284,  where can i find a rainforest cafe
1285,  where can i find a restaurant near me
1286,  where can i find a restaurant that has good portions and is open at 9 p
1287,  where can i find a restaurant with a vegetarian senior discount menu
1288,  where can i find a seafood restaurant that also sells fresh fish
1289,  where can i find a sports bar in nassau county new york
1290,  where can i find a thai restaurant that is non smoking
1291,  where can i find authentic mexican cuisine at a great price
1292,  where can i find bobby hacketts restaurant
1293,  where can i find cheap vegan food
1294,  where can i find good irish food
1295,  where can i find halal with a price not so high
1296,  where can i find naugles
1297,  where can i find somewhere relaxed thats open in the morning around beacon hill
1298,  where can i find the best sushi in town
1299,  where can i find the cheapest burgers in town
1300,  where can i find the cheapest pizza
1301,  where can i find the cheapest take out chinese food
1302,  where can i find the closest bakery
1303,  where can i find the highest rated breakfast burrito
1304,  where can i find tofu in city hall plaza with parking
1305,  where can i get a banana split
1306,  where can i get a burger
1307,  where can i get a cheap dinner
1308,  where can i get a cheap slice of pizza in huntington ny
1309,  where can i get a good bagel from
1310,  where can i get a good deal on two pizzas in manhattan
1311,  where can i get a good sandwich for a good price
1312,  where can i get a great tofu omelette in wayland
1313,  where can i get a hamburger
1314,  where can i get a hamburger between thompson falls and plains
1315,  where can i get a healthy lunch
1316,  where can i get a milkshake within walking distance
1317,  where can i get a pho king sized bowl
1318,  where can i get a pricey drink on kendall square
1319,  where can i get a taco for a dollar
1320,  where can i get an appitizer in american legion highway
1321,  where can i get bagels
1322,  where can i get barbecue no farther than 5 miles
1323,  where can i get caribbean food not far from here in a romantic setting
1324,  where can i get cheap food at 5 pm in alston
1325,  where can i get decent inexpensive sushi in glen cove ny
1326,  where can i get doughnuts right now
1327,  where can i get eggrolls
1328,  where can i get fish
1329,  where can i get large portions of fish with a group of interesting folk
1330,  where can i get nachos within 1 mile of me that is open late
1331,  where can i get reasonably priced sashimi at 8 pm
1332,  where can i get some chicken nuggets
1333,  where can i get some cookies
1334,  where can i get some crab nearby that is open until 2 am
1335,  where can i get some fast food
1336,  where can i get some good coffee
1337,  where can i get some ice cream
1338,  where can i get some macaroni and cheese
1339,  where can i get some shrimp
1340,  where can i get some slushy
1341,  where can i get some southern food
1342,  where can i get some spaghetti
1343,  where can i get some sushi
1344,  where can i get some waffles
1345,  where can i get something inexpensive to eat near my current location
1346,  where can i get starbucks around me
1347,  where can i get the best pie
1348,  where can i get the top rated hamburger in baltimore
1349,  where can i get vegan food
1350,  where can i go for expensive gelato for carry out
1351,  where can i go to eat
1352,  where can i go to get a sandwich around here
1353,  where can i have a glass of wine in jamaica plain that also does not allow smoking
1354,  where can i order fried chicken to eat
1355,  where can i take a date nearby for enchiladas
1356,  where can i take coworkers for excellent priced food
1357,  where can i take my 5 year old nephew to eat
1358,  where can i take my date for a cheap meal in charlestown
1359,  where can i take my kids for good tacos
1360,  where can i take my kids to eat
1361,  where can i take my kids to get an omelet
1362,  where can we find a french inspired restaurant
1363,  where could i eat sushi on the waterfront
1364,  where could i find some good tomato sauce thats 10 minutes away with excellent pricing
1365,  where could i get some cakes in a business atmosphere thats open until 1 am
1366,  where could i go for a burger and a movie
1367,  where could i go for a roast beef sandwich right now
1368,  where do i park to go to the butcher and the boar
1369,  where i can get seafood and bring my own drinks
1370,  where in beverly can i bring a group to an italys little kitchen
1371,  where in the theater district is there a restaurant with portions that are a bit small
1372,  where is a bob evans on diauto drive with moderate portions
1373,  where is a cheap restaurant in the north end that serves burritos
1374,  where is a good place to eat
1375,  where is a good place to get seafood
1376,  where is a good restaurant on the water
1377,  where is a kid friendly pizza place with games
1378,  where is a kosher place for lunch
1379,  where is a late night ethiopian place that we can go after 2 am
1380,  where is a reasonably price japanese restaurant downtown
1381,  where is a restaurant open till midnight near west bridgewater with really friendly service
1382,  where is a restaurant that opens 24 hours
1383,  where is a romantic place to get a sub near here
1384,  where is an italian restaurant with outdoor seating
1385,  where is an italos bakery along this route that has waterfront dining
1386,  where is charlotte nc
1387,  where is dominos
1388,  where is dominos pizza
1389,  where is good ethnic food
1390,  where is ii moro
1391,  where is jack in the box
1392,  where is long john silvers
1393,  where is p f changs
1394,  where is pizza express
1395,  where is roosevelts restaurant and sin in framingham
1396,  where is some good outdoor dining
1397,  where is sportsway bar at melrose
1398,  where is station donuts
1399,  where is subway
1400,  where is that restaurant where you can order burgers and fries and watch a movie while you eat
1401,  where is the apple store in the area
1402,  where is the best italian food in the city
1403,  where is the best korean bbq
1404,  where is the best mediterranean restaurant
1405,  where is the best rated fast food establishment
1406,  where is the best reviewed place to get a burger and fries near beacon hill
1407,  where is the cheapest place to eat nearest to me
1408,  where is the closest 5 star restaurant
1409,  where is the closest apple bees
1410,  where is the closest chillis to my current location
1411,  where is the closest fine dining restaurant
1412,  where is the closest happy hour
1413,  where is the closest international brownie
1414,  where is the closest jimmie johns
1415,  where is the closest non smoking restaurant
1416,  where is the closest pizza hut
1417,  where is the closest place to get cheap potatoes
1418,  where is the closest place to get pizza
1419,  where is the closest red robin
1420,  where is the closest restaurant that serves chinese food
1421,  where is the closest sub or sandwich shop that serves gyros
1422,  where is the closest sushi bars to my zip code
1423,  where is the closest tgi fridays
1424,  where is the closest tim hortons restaurant
1425,  where is the different locations of taco bell
1426,  where is the nearest 4 star restaurant
1427,  where is the nearest asia express restaurant
1428,  where is the nearest bar with dinning located
1429,  where is the nearest buffet
1430,  where is the nearest burger place
1431,  where is the nearest casual restaurant
1432,  where is the nearest chinese restaurant with more than 3 stars that is under 10 an entree
1433,  where is the nearest family restaurant
1434,  where is the nearest ice cream shop
1435,  where is the nearest kosher restaurant
1436,  where is the nearest mexican restaurant open late for dinner
1437,  where is the nearest napoli pizzeria
1438,  where is the nearest place i can get a smoothie
1439,  where is the nearest place that serves nachos
1440,  where is the nearest place with a dining patio
1441,  where is the nearest place within 5 miles that has a game room for kids
1442,  where is the nearest restaurant that allows indoor smoking
1443,  where is the nearest restaurant that serves hush puppies
1444,  where is the nearest restaurant that serves steak
1445,  where is the nearest restaurant with a casual kid friendly atmosphere
1446,  where is the nearest shell gas station
1447,  where is the nearest sushi bar
1448,  where is the nearest take out chinese restaurant
1449,  where is the nearest tapas restaurant
1450,  where is the nearest thai restaurant that serves breakfast in alston
1451,  where is the nearest tomacchios with patio seating located
1452,  where is the nearest uptown espresso
1453,  where is the next mcdonald
1454,  where is the place with byob 2 miles from here
1455,  where is the reading station coffee depot on norfolk ave do they serve breakfast
1456,  where is the sportsway bar in melrose
1457,  where is there a fatz with interesting people around
1458,  where is there a good mid priced restaurant near 4 th street that serves appetizers
1459,  where is there a great steak near here that has a buffet
1460,  where is wing stop
1461,  where should we go to get some great food
1462,  where there a restaurant located within 1 mile from here
1463,  wheres a good place to get tacos near central park
1464,  wheres a kid friendly diner thats within an hour of here
1465,  wheres closest mcdonalds
1466,  wheres papa johns
1467,  wheres the best korean restaurant in the area
1468,  wheres the closes chicken place
1469,  wheres the closest 5 star restaurant located
1470,  wheres the closest bar
1471,  wheres the closest pizza place
1472,  wheres the italian restaurant downtown thats open until midnight
1473,  wheres the local el penllo arriba peru
1474,  wheres the local soup and sandwich joint
1475,  wheres the nearest french place to eat
1476,  wheres the nearest italian restaurant
1477,  wheres the nearest pizza restaurant to the amc white flint movie theater
1478,  wheres the nearest restaurant
1479,  wheres the nearest restaurant with a 3 star rating or better that serves a hamburger for under five dollars
1480,  wheres the nearest restaurant with a childrens menu
1481,  wheres the serborn inn located
1482,  which authentic mexican restaurants offer complementary chips and salsa
1483,  which five star italian restaurants in manattan have the best reviews
1484,  which local restaurant serves only seafood
1485,  which nearby restaurant serves the best steak
1486,  which parks are kid friendly
1487,  which pizza places will deliver to me
1488,  which places serve large portions
1489,  which restaurant can i get to within 5 minutes which serves healthy portions
1490,  which restaurant has a better rating on yelp sakura or fuji ya
1491,  which restaurant has a smoking section
1492,  which restaurant has fried pickles for appetizers
1493,  which restaurant in my city has the highest reviews
1494,  which restaurant is open late and has good prices on espressos
1495,  which restaurants are considered vegetarian in my city
1496,  which restaurants are open after midnight on a wednesday
1497,  which restaurants around my city have the best deserts
1498,  which restaurants have playgrounds in them
1499,  which restaurants near here are open till midnight
1500,  which restaurants offer outdoor dining
1501,  which restaurants serving grass fed beef steaks have the best prices
1502,  which tim hortons is closest to detroit
1503,  whixh restaurant has delivery in washington court for a reasonable price
1504,  who has good burgers around here
1505,  who has happy hour right now
1506,  who has the best lobster in town
1507,  who has the best pizza that takes credit cards
1508,  who has the best selection of micro brew and imported beers
1509,  who makes the absolute best sausage
1510,  who makes the best burgers in town
1511,  who makes the best chicken wings in town
1512,  who serves cali food
1513,  who serves the best wings in this town
1514,  who will give me the best priced party subs in town
1515,  will i be able to find a romantic restaurant for my date tonight
1516,  will waffle house accept a prepaid visa gift card
1517,  yes please get me mcdonalds phone number in patchogue new york
1518,  yes the new diner on south street please
1519,  yes we need some chicken for our new diet so chik fa lay it is
1520,  you can help me with some onion rings
1521, 
